"method_norm","n","r_method","r_median_us","r_mean_us","r_p25_us","r_p75_us","r_mem_bytes","rust_method","rust_median_us","rust_mean_us","rust_p25_us","rust_p75_us","rust_mem_bytes","speedup_median","speedup_mean","mem_ratio","module"
"Doubly_Robust",200,"Doubly_Robust",1095.9235,1292.77293,1049.995,1279.892,751152,"Doubly_Robust",24.152,33.73684,23.04075,45.12475,0,45.3760972176217,38.3193248093182,NA,"Causal"
"Doubly_Robust",1000,"Doubly_Robust",1865.8855,2465.70826,1838.765,1998.406,2488168,"Doubly_Robust",664.491,664.47374,662.891,666.08725,0,2.80799213232384,3.71076855497706,NA,"Causal"
"Synth",100,"Synth",898.547,920.134,896.466,926.243,229504,"SynthControl",10652.5335,10723.67206,10113.619,11160.916,73728,0.0843505444033572,0.0858040039691404,3.11284722222222,"Causal"
"Synth",300,"Synth",848.37,866.473,833.17,864.419,264312,"SynthControl",38142.52,38214.11123,36999.754,39245.921,40960,0.0222421067092578,0.0226741633420425,6.4529296875,"Causal"
"Bacon",500,"Bacon",4002.436,5255.8044,3933.44725,4573.9295,2635904,NA,NA,NA,NA,NA,NA,NA,NA,NA,"Causal"
"Bacon",1000,"Bacon",6915.1565,8120.3857,6726.768,7175.409,5687552,NA,NA,NA,NA,NA,NA,NA,NA,NA,"Causal"
"CBPS",200,"CBPS",13342.911,14866.5348,13080.57825,14302.63425,9639808,NA,NA,NA,NA,NA,NA,NA,NA,NA,"Causal"
"CBPS",1000,"CBPS",65896.113,92441.9092,65675.82025,66449.71075,63042656,NA,NA,NA,NA,NA,NA,NA,NA,NA,"Causal"
"CBPS",5000,"CBPS",564193.9295,596961.7649,550765.54725,607004.9615,763567528,NA,NA,NA,NA,NA,NA,NA,NA,NA,"Causal"
"DiD",100,"DiD",166.3445,274.02673,164.47275,185.26425,25808,NA,NA,NA,NA,NA,NA,NA,NA,NA,"Causal"
"DiD",500,"DiD",180.7925,182.02246,179.112,183.176,121680,NA,NA,NA,NA,NA,NA,NA,NA,NA,"Causal"
"DiD",1000,"DiD",203.153,205.00557,198.677,208.525,241776,NA,NA,NA,NA,NA,NA,NA,NA,NA,"Causal"
"DoubleML",200,"DoubleML",128389.496,180726.575,128182.52,132372.229,31215056,NA,NA,NA,NA,NA,NA,NA,NA,NA,"Causal"
"DoubleML",500,"DoubleML",128050.327,126065.4832,123862.219,128098.968,17540192,NA,NA,NA,NA,NA,NA,NA,NA,NA,"Causal"
"DoubleML",1000,"DoubleML",132528.708,130453.304,126360.915,133270.375,25753960,NA,NA,NA,NA,NA,NA,NA,NA,NA,"Causal"
"Doubly_Robust",500,NA,NA,NA,NA,NA,NA,"Doubly_Robust",345.922,346.07552,344.422,347.134,0,NA,NA,NA,"Causal"
"Doubly_Robust",5000,"Doubly_Robust",8479.0335,9565.02185,7217.88125,11219.925,12380008,NA,NA,NA,NA,NA,NA,NA,NA,NA,"Causal"
"ETWFE",500,"ETWFE",2545.5995,2590.8925,2507.58725,2581.756,4224176,NA,NA,NA,NA,NA,NA,NA,NA,NA,"Causal"
"ETWFE",1000,"ETWFE",2725.416,3373.3635,2663.29525,2874.60475,217720,NA,NA,NA,NA,NA,NA,NA,NA,NA,"Causal"
"ETWFE",2000,"ETWFE",3133.969,3021.75135,2826.04075,3162.94575,364120,NA,NA,NA,NA,NA,NA,NA,NA,NA,"Causal"
"GSynth",400,"GSynth",2626.423,2783.147,2610.84,2893.288,3309584,NA,NA,NA,NA,NA,NA,NA,NA,NA,"Causal"
"GSynth",1000,"GSynth",4077.708,4226.9054,4041.964,4294.317,1948328,NA,NA,NA,NA,NA,NA,NA,NA,NA,"Causal"
"IPW",200,"IPW",496.049,614.30103,482.31375,512.697,419640,NA,NA,NA,NA,NA,NA,NA,NA,NA,"Causal"
"IPW",1000,"IPW",977.043,1431.84166,950.343,1650.125,2022584,NA,NA,NA,NA,NA,NA,NA,NA,NA,"Causal"
"IPW",5000,"IPW",7467.334,9010.43721,6919.957,9915.24925,10063928,NA,NA,NA,NA,NA,NA,NA,NA,NA,"Causal"
"LTMLE",200,"LTMLE",9969.342,10385.5922,9966.014,10244.414,4943752,NA,NA,NA,NA,NA,NA,NA,NA,NA,"Causal"
"LTMLE",500,"LTMLE",10365.871,10627.1448,10138.605,10766.976,5393056,NA,NA,NA,NA,NA,NA,NA,NA,NA,"Causal"
"LTMLE",1000,"LTMLE",18786.503,17496.0898,14091.001,19169.56,10085088,NA,NA,NA,NA,NA,NA,NA,NA,NA,"Causal"
"Matching",200,"Matching",946.555,1004.8296,920.775,997.391,1853536,NA,NA,NA,NA,NA,NA,NA,NA,NA,"Causal"
"Matching",1000,"Matching",2372.1115,2514.3656,2260.079,2688.85675,2859296,NA,NA,NA,NA,NA,NA,NA,NA,NA,"Causal"
"Matching",5000,"Matching",10482.185,11818.2714,10205.08025,12720.30475,11682776,NA,NA,NA,NA,NA,NA,NA,NA,NA,"Causal"
"Mediation",200,"Mediation",85563.545,82886.3378,78898.982,85624.121,28182992,NA,NA,NA,NA,NA,NA,NA,NA,NA,"Causal"
"Mediation",500,"Mediation",111438.005,113294.6596,108241.387,117427.142,66237952,NA,NA,NA,NA,NA,NA,NA,NA,NA,"Causal"
"Mediation",1000,"Mediation",352599.858,268881.5126,124355.114,353329.172,131760240,NA,NA,NA,NA,NA,NA,NA,NA,NA,"Causal"
"RD",500,"RD",5287.561,5884.0804,5072.004,5601.406,2652840,NA,NA,NA,NA,NA,NA,NA,NA,NA,"Causal"
"RD",1000,"RD",8776.5,9762.72475,8551.28725,9465.082,2379792,NA,NA,NA,NA,NA,NA,NA,NA,NA,"Causal"
"RD",5000,"RD",36854.782,39286.71905,34129.32475,44882.759,10984840,NA,NA,NA,NA,NA,NA,NA,NA,NA,"Causal"
"RD_Multi",500,"RD_Multi",12711.438,13879.9164,11932.51125,13249.623,3045488,NA,NA,NA,NA,NA,NA,NA,NA,NA,"Causal"
"RD_Multi",1000,"RD_Multi",19305.6335,22068.5324,18777.60325,20659.817,4856432,NA,NA,NA,NA,NA,NA,NA,NA,NA,"Causal"
"RD_Multi",5000,"RD_Multi",84157.0175,86641.4085,83692.00325,86051.46275,22214744,NA,NA,NA,NA,NA,NA,NA,NA,NA,"Causal"
"Staggered_DiD",500,"Staggered_DiD",57616.603,61053.272,57615.899,66034.099,21655344,NA,NA,NA,NA,NA,NA,NA,NA,NA,"Causal"
"Staggered_DiD",1000,"Staggered_DiD",59617.297,62318.7352,59302.304,66689.062,16931136,NA,NA,NA,NA,NA,NA,NA,NA,NA,"Causal"
"Staggered_DiD",2000,"Staggered_DiD",65340.642,75230.4692,61890.247,80504.431,19040448,NA,NA,NA,NA,NA,NA,NA,NA,NA,"Causal"
"TMLE",200,"TMLE",118869.71,117382.279,118433.565,119005.568,43644800,NA,NA,NA,NA,NA,NA,NA,NA,NA,"Causal"
"TMLE",500,"TMLE",185677.314,183267.7398,156787.55,186837.399,95775304,NA,NA,NA,NA,NA,NA,NA,NA,NA,"Causal"
"TMLE",1000,"TMLE",294521.266,303427.9864,292116.763,298100.748,188743312,NA,NA,NA,NA,NA,NA,NA,NA,NA,"Causal"
"WeightIt",200,"WeightIt",1559.893,1647.5005,1549.349,1650.553,2475336,NA,NA,NA,NA,NA,NA,NA,NA,NA,"Causal"
"WeightIt",1000,"WeightIt",2801.801,3197.763,2525.528,2908.457,2760912,NA,NA,NA,NA,NA,NA,NA,NA,NA,"Causal"
"WeightIt",5000,"WeightIt",10784.05,10666.81485,8394.00275,12062.615,13933920,NA,NA,NA,NA,NA,NA,NA,NA,NA,"Causal"
"Jarque_Bera",100,"Jarque_Bera",22.56,22.81751,22.336,22.808,35592,"Jarque_Bera",0.704,0.71569,0.672,0.72,0,32.0454545454545,31.8818343137392,NA,"Diagnostics"
"Jarque_Bera",1000,"Jarque_Bera",67.3925,68.97463,67.02,68.30875,28192,"Jarque_Bera",6.032,6.64403,5.56,6.096,0,11.1724966843501,10.3814446954634,NA,"Diagnostics"
"Jarque_Bera",10000,"Jarque_Bera",568.49,571.06921,566.43725,571.554,280192,"Jarque_Bera",53.216,54.16298,50.54,57.90425,0,10.6826894167168,10.5435337937462,NA,"Diagnostics"
"Breusch_Godfrey",100,"Breusch_Godfrey",98.656,100.0659,97.925,99.64825,104064,NA,NA,NA,NA,NA,NA,NA,NA,NA,"Diagnostics"
"Breusch_Godfrey",500,"bgtest",210.793,215.5144,207.97625,214.985,133336,NA,NA,NA,NA,NA,NA,NA,NA,NA,"Diagnostics"
"Breusch_Godfrey",1000,"Breusch_Godfrey",218.953,261.2827,214.41675,223.245,289272,NA,NA,NA,NA,NA,NA,NA,NA,NA,"Diagnostics"
"Breusch_Godfrey",5000,"bgtest",1156.628,1150.7545,1108.012,1175.82825,1321336,NA,NA,NA,NA,NA,NA,NA,NA,NA,"Diagnostics"
"Breusch_Godfrey",10000,"Breusch_Godfrey",1525.4125,1685.74171,1503.58025,1549.56025,2881272,NA,NA,NA,NA,NA,NA,NA,NA,NA,"Diagnostics"
"Breusch_Pagan",100,"Breusch_Pagan",100.0165,101.91153,98.70025,102.804,209112,NA,NA,NA,NA,NA,NA,NA,NA,NA,"Diagnostics"
"Breusch_Pagan",1000,"Breusch_Pagan",235.849,238.70654,234.70475,237.712,414640,NA,NA,NA,NA,NA,NA,NA,NA,NA,"Diagnostics"
"Breusch_Pagan",10000,"Breusch_Pagan",1825.094,2059.51612,1814.986,1842.138,4224400,NA,NA,NA,NA,NA,NA,NA,NA,NA,"Diagnostics"
"Durbin_Watson",100,"Durbin_Watson",146.393,149.88029,144.856,149.532,150848,NA,NA,NA,NA,NA,NA,NA,NA,NA,"Diagnostics"
"Durbin_Watson",1000,"Durbin_Watson",230.441,233.81525,228.677,235.493,405848,NA,NA,NA,NA,NA,NA,NA,NA,NA,"Diagnostics"
"Durbin_Watson",10000,"Durbin_Watson",985.707,1196.72745,970.291,1002.667,4041848,NA,NA,NA,NA,NA,NA,NA,NA,NA,"Diagnostics"
"Harvey_Collier",100,"Harvey_Collier",815.498,849.78721,743.503,826.18275,85768,NA,NA,NA,NA,NA,NA,NA,NA,NA,"Diagnostics"
"Harvey_Collier",1000,"Harvey_Collier",6720.652,6929.90117,6584.928,6954.473,48144,NA,NA,NA,NA,NA,NA,NA,NA,NA,"Diagnostics"
"Harvey_Collier",10000,"Harvey_Collier",69585.4965,70806.88205,67780.39975,70518.852,480144,NA,NA,NA,NA,NA,NA,NA,NA,NA,"Diagnostics"
"RESET",100,"resettest",159.521,168.4246,155.58475,171.176,158592,NA,NA,NA,NA,NA,NA,NA,NA,NA,"Diagnostics"
"RESET",500,"resettest",275.449,279.025,272.977,280.261,256680,NA,NA,NA,NA,NA,NA,NA,NA,NA,"Diagnostics"
"RESET",1000,"resettest",443.53,446.6544,441.96525,450.43375,510776,NA,NA,NA,NA,NA,NA,NA,NA,NA,"Diagnostics"
"RESET",5000,"resettest",1833.087,2009.6936,1817.726,1867.53425,2568120,NA,NA,NA,NA,NA,NA,NA,NA,NA,"Diagnostics"
"RESET",10000,"RESET",3661.059,5544.02979,3580.859,3849.888,5533632,NA,NA,NA,NA,NA,NA,NA,NA,NA,"Diagnostics"
"VIF",100,"VIF",133.3525,137.51389,130.17625,139.22875,172552,NA,NA,NA,NA,NA,NA,NA,NA,NA,"Diagnostics"
"VIF",1000,"VIF",263.217,307.29475,256.485,270.585,64288,NA,NA,NA,NA,NA,NA,NA,NA,NA,"Diagnostics"
"VIF",10000,"VIF",1841.91,1876.4387,1835.942,1855.398,640288,NA,NA,NA,NA,NA,NA,NA,NA,NA,"Diagnostics"
"Wald",100,"waldtest",234.5125,249.6089,228.469,256.725,816576,NA,NA,NA,NA,NA,NA,NA,NA,NA,"Diagnostics"
"Wald",500,"waldtest",315.809,465.9937,307.221,328.081,26896,NA,NA,NA,NA,NA,NA,NA,NA,NA,"Diagnostics"
"Wald",1000,"waldtest",368.8815,375.8558,360.761,378.85725,46896,NA,NA,NA,NA,NA,NA,NA,NA,NA,"Diagnostics"
"Wald",5000,"waldtest",1014.196,1027.9028,1007.499,1034.97125,206896,NA,NA,NA,NA,NA,NA,NA,NA,NA,"Diagnostics"
"Wald",10000,"Wald",2322.439,2319.48952,2285.399,2341.787,560336,NA,NA,NA,NA,NA,NA,NA,NA,NA,"Diagnostics"
"Logit",100,"logit",343.5925,355.36532,338.59275,354.05275,209080,"Logit",25.152,25.21867,25.02,25.36,0,13.6606432888041,14.0913585054248,NA,"Discrete"
"Probit",100,"probit",366.0965,374.19478,360.172,375.36825,182448,"Probit",37,37.06244,36.67275,37.25275,0,9.8945,10.0963341863083,NA,"Discrete"
"Logit",500,"logit",593.129,840.19484,565.79675,681.809,975352,"Logit",104.881,105.11797,104.161,105.928,0,5.65525691021253,7.99287543319187,NA,"Discrete"
"Logit",1000,"logit",895.345,3254.60214,837.573,1307.84575,1933448,"Logit",198.289,198.35828,196.589,199.933,0,4.51535385220562,16.4076949043922,NA,"Discrete"
"Probit",500,"probit",652.969,813.2351,649.413,672.593,1044168,"Probit",149.353,149.85259,148.49225,150.625,0,4.37198449311363,5.42690052938024,NA,"Discrete"
"Probit",1000,"probit",968.4495,1086.53374,964.49725,985.43325,2070264,"Probit",285.2735,285.07568,282.92125,287.04525,0,3.39481059404396,3.81138699730542,NA,"Discrete"
"Hurdle",100,"Hurdle",1452.7405,1488.0621,1427.388,1489.876,1569208,NA,NA,NA,NA,NA,NA,NA,NA,NA,"Discrete"
"Hurdle",500,"Hurdle",4228.8525,4930.7843,4155.916,4432.35725,5791232,NA,NA,NA,NA,NA,NA,NA,NA,NA,"Discrete"
"Hurdle",1000,"Hurdle",5930.0015,6847.9716,5888.97,6085.70625,10021776,NA,NA,NA,NA,NA,NA,NA,NA,NA,"Discrete"
"Logit",10000,"Logit",8546.387,12136.26605,7560.53275,11108.24975,19756296,NA,NA,NA,NA,NA,NA,NA,NA,NA,"Discrete"
"Mixed_Logit",150,"Mixed_Logit",58741.775,61117.8876,58471.742,64484.128,25505376,NA,NA,NA,NA,NA,NA,NA,NA,NA,"Discrete"
"Mixed_Logit",300,"Mixed_Logit",126105.256,128907.3498,125854.534,126362.968,44068216,NA,NA,NA,NA,NA,NA,NA,NA,NA,"Discrete"
"Mixed_Logit",600,"Mixed_Logit",271905.383,285973.2938,270799.524,279559.359,93507096,NA,NA,NA,NA,NA,NA,NA,NA,NA,"Discrete"
"Multinomial_Logit",100,"Multinomial_Logit",346.7615,357.2178,344.51775,352.445,387168,NA,NA,NA,NA,NA,NA,NA,NA,NA,"Discrete"
"Multinomial_Logit",500,"multinom",749.0185,757.4539,745.247,760.20275,283168,NA,NA,NA,NA,NA,NA,NA,NA,NA,"Discrete"
"Multinomial_Logit",1000,"multinom",1366.061,1374.1633,1360.16425,1382.057,559264,NA,NA,NA,NA,NA,NA,NA,NA,NA,"Discrete"
"Multinomial_Logit",5000,"multinom",11169.4235,11285.6542,11149.95925,11374.8205,2792608,NA,NA,NA,NA,NA,NA,NA,NA,NA,"Discrete"
"NegBin",100,"glm_nb",2262.256,2367.0068,2228.984,2425.28475,1394920,NA,NA,NA,NA,NA,NA,NA,NA,NA,"Discrete"
"NegBin",500,"glm_nb",3094.875,3146.0847,3075.595,3179.107,3198392,NA,NA,NA,NA,NA,NA,NA,NA,NA,"Discrete"
"NegBin",1000,"glm_nb",5590.692,5874.4335,5495.975,5829.352,6729520,NA,NA,NA,NA,NA,NA,NA,NA,NA,"Discrete"
"NegBin",5000,"glm_nb",26824.039,27141.0973,26651.382,27902.17475,31513880,NA,NA,NA,NA,NA,NA,NA,NA,NA,"Discrete"
"Ordered_Logit",100,"polr",1310.357,1351.584,1294.705,1367.38475,1384240,NA,NA,NA,NA,NA,NA,NA,NA,NA,"Discrete"
"Ordered_Logit",500,"polr",3069.5625,3274.9298,3057.907,3125.523,3202288,NA,NA,NA,NA,NA,NA,NA,NA,NA,"Discrete"
"Ordered_Logit",1000,"polr",5818.1645,6165.3306,5695.696,6037.37775,7077136,NA,NA,NA,NA,NA,NA,NA,NA,NA,"Discrete"
"Ordered_Logit",5000,"polr",35257.6365,36216.523,30124.4225,40093.3175,36776496,NA,NA,NA,NA,NA,NA,NA,NA,NA,"Discrete"
"Poisson",100,"Poisson",405.506,489.30541,402.601,413.762,320808,NA,NA,NA,NA,NA,NA,NA,NA,NA,"Discrete"
"Poisson",500,"Poisson",702.9465,793.84831,693.634,730.347,1256640,NA,NA,NA,NA,NA,NA,NA,NA,NA,"Discrete"
"Poisson",1000,"Poisson",1050.8115,1176.02299,1042.116,1077.54775,2490480,NA,NA,NA,NA,NA,NA,NA,NA,NA,"Discrete"
"ZINB",100,"ZINB",9962.1495,11450.63345,9735.685,10213.77025,8626288,NA,NA,NA,NA,NA,NA,NA,NA,NA,"Discrete"
"ZINB",500,"ZINB",16653.9375,18824.6498,16529.32975,22589.24725,21952312,NA,NA,NA,NA,NA,NA,NA,NA,NA,"Discrete"
"ZINB",1000,"ZINB",43153.2965,51247.59915,42893.728,43271.401,58410056,NA,NA,NA,NA,NA,NA,NA,NA,NA,"Discrete"
"ZIP",100,"ZIP",2621.168,3072.6668,2545.65525,2724.48,2804504,NA,NA,NA,NA,NA,NA,NA,NA,NA,"Discrete"
"ZIP",500,"ZIP",7338.31,8322.1873,7232.42175,7568.2505,11581072,NA,NA,NA,NA,NA,NA,NA,NA,NA,"Discrete"
"ZIP",1000,"ZIP",13976.8895,15817.78805,13391.20775,18276.05025,23535440,NA,NA,NA,NA,NA,NA,NA,NA,NA,"Discrete"
"IV_2SLS",100,"IV_2SLS",2270.191,2321.30078,2206.955,2396.44775,314744,NA,NA,NA,NA,NA,NA,NA,NA,NA,"Econometrics"
"IV_2SLS",1000,"IV_2SLS",2588.848,2232.29228,1184.684,2675.409,794192,NA,NA,NA,NA,NA,NA,NA,NA,NA,"Econometrics"
"IV_2SLS",10000,"IV_2SLS",6982.2065,6951.75822,6852.474,7012.05075,7901072,NA,NA,NA,NA,NA,NA,NA,NA,NA,"Econometrics"
"K-Means",100,"kmeans",199.0325,219.28724,193.41675,203.51275,278424,"K-Means",15.584,15.61112,15.532,15.632,0,12.7715926591376,14.0468614679792,NA,"ML"
"K-Means",5000,"K-Means",7128.859,7585.22257,6814.365,7686.672,3343688,"K-Means",688.8835,689.17354,687.872,690.059,0,10.3484246610639,11.0062591346731,NA,"ML"
"K-Means",1000,"kmeans",1308.515,1804.7701,1257.915,1842.27275,678344,"K-Means",147.329,147.04682,146.01675,147.541,0,8.88158475249272,12.2734384871431,NA,"ML"
"PCA",100,"PCA",47.424,49.42377,46.945,48.60025,134672,"PCA",6.64,6.64706,6.592,6.688,0,7.1421686746988,7.4354331087729,NA,"ML"
"Random_Forest",1000,"Random_Forest",37123.5245,37708.523,35769.96425,39252.23525,11362832,"RandomForest",10400.181,10404.21974,9869.938,10876.419,495616,3.56950754030146,3.62434896054973,22.9266851756198,"ML"
"PCA",5000,"PCA",721.11,839.65387,646.61375,734.49,1404088,"PCA",283.2495,286.69185,276.025,288.60525,0,2.54584738896273,2.92876783905786,NA,"ML"
"DBSCAN",5000,"DBSCAN",46127.3305,46176.53198,45898.97475,46465.092,22600,"DBSCAN",19345.2575,19382.08911,18848.787,19804.248,71385088,2.3844257694683,2.38243316899083,0.000316592731523984,"ML"
"Random_Forest",500,"Random_Forest",14245.1165,14958.5605,14186.325,14322.085,5694736,"RandomForest",6658.697,6580.60814,6287.77575,6921.475,622592,2.13932493098875,2.27312737390864,9.14681846217105,"ML"
"PCA",1000,"PCA",230.274,204.31066,159.79775,236.21,284088,"PCA",117.1525,124.09007,110.969,128.00025,598016,1.96559185676789,1.64647066441336,0.475050834760274,"ML"
"Hierarchical",100,"Hierarchical",121.2965,124.87496,120.604,123.66,94576,"Hierarchical",73.328,72.96005,71.52,73.536,0,1.65416348461706,1.7115525551312,NA,"ML"
"Hierarchical",1000,"Hierarchical",13397.323,17629.46708,13363.579,15256.17275,8133376,"Hierarchical",9555.88,9547.52439,9535.96,9570.756,0,1.40199782751562,1.84649615542904,NA,"ML"
"DBSCAN",100,"DBSCAN",30.68,33.28394,30.344,31.32875,100160,"DBSCAN",23.024,23.09163,22.956,23.104,0,1.33252258512856,1.44138547170555,NA,"ML"
"DBSCAN",1000,"DBSCAN",2427.3835,2434.79364,2413.592,2440.188,6600,"DBSCAN",2188.515,2215.1378,2077.00675,2291.976,4857856,1.10914638464895,1.09916125308322,0.00135862405143339,"ML"
"Random_Forest",100,"Random_Forest",2158.351,2172.6356,2148.218,2179.927,1642088,"RandomForest",2018.226,2064.16395,1945.462,2146.163,679936,1.06942978635693,1.05254991978714,2.41506259412651,"ML"
"Cutree",50,"cutree",4.56,4.72898,4.352,4.784,4392,NA,NA,NA,NA,NA,NA,NA,NA,NA,"ML"
"Cutree",100,"cutree",8.736,8.88354,8.36075,9.02,2264,NA,NA,NA,NA,NA,NA,NA,NA,NA,"ML"
"Cutree",200,"cutree",14.864,15.11782,14.532,15.136,4264,NA,NA,NA,NA,NA,NA,NA,NA,NA,"ML"
"Hierarchical",50,"hierarchical",42.208,43.47882,41.72025,42.716,37824,NA,NA,NA,NA,NA,NA,NA,NA,NA,"ML"
"Hierarchical",200,"hierarchical",608.6735,626.03606,603.537,625.29375,507024,NA,NA,NA,NA,NA,NA,NA,NA,NA,"ML"
"Hierarchical",500,NA,NA,NA,NA,NA,NA,"Hierarchical",2348.9715,2339.20132,2343.42325,2352.62,0,NA,NA,NA,"ML"
"K-Means",10000,"K-Means",14654.9775,20043.06838,13713.915,17518.3695,6903352,NA,NA,NA,NA,NA,NA,NA,NA,NA,"ML"
"K-Medoids",100,"kmedoids",151.48,159.1602,145.744,160.94425,242752,NA,NA,NA,NA,NA,NA,NA,NA,NA,"ML"
"K-Medoids",500,"kmedoids",3383.2765,3394.2748,3369.90025,3418.144,1084768,NA,NA,NA,NA,NA,NA,NA,NA,NA,"ML"
"K-Medoids",1000,"kmedoids",14180.3385,14749.9072,14108.18675,14401.05475,4168768,NA,NA,NA,NA,NA,NA,NA,NA,NA,"ML"
"MDS",20,"cmdscale",34.856,36.44462,34.32475,35.408,95400,NA,NA,NA,NA,NA,NA,NA,NA,NA,"ML"
"MDS",50,"cmdscale",113.8325,116.32074,112.556,117.293,210544,NA,NA,NA,NA,NA,NA,NA,NA,NA,"ML"
"MDS",100,"cmdscale",686.6425,970.89144,638.382,774.047,799736,NA,NA,NA,NA,NA,NA,NA,NA,NA,"ML"
"PCA",10000,"PCA",1194.2535,1494.44734,1190.93,1214.03675,2906672,NA,NA,NA,NA,NA,NA,NA,NA,NA,"ML"
"Silhouette",100,"silhouette",21.776,22.7496,21.636,22.1,167776,NA,NA,NA,NA,NA,NA,NA,NA,NA,"ML"
"Silhouette",500,"silhouette",296.2085,392.8397,292.26825,303.82425,2062816,NA,NA,NA,NA,NA,NA,NA,NA,NA,"ML"
"Silhouette",1000,"silhouette",867.593,1461.8699,841.40175,1794.682,8124912,NA,NA,NA,NA,NA,NA,NA,NA,NA,"ML"
"SVM",100,"SVM",621.37,641.006,605.746,655.062,542264,NA,NA,NA,NA,NA,NA,NA,NA,NA,"ML"
"SVM",500,"SVM",3539.7635,3554.4007,3532.371,3563.167,524752,NA,NA,NA,NA,NA,NA,NA,NA,NA,"ML"
"SVM",1000,"SVM",11371.7235,11659.1493,11345.176,11416.268,1026944,NA,NA,NA,NA,NA,NA,NA,NA,NA,"ML"
"t-SNE",100,"t-SNE",67351.2065,66911.0386,66071.61825,67827.85575,877552,NA,NA,NA,NA,NA,NA,NA,NA,NA,"ML"
"t-SNE",500,"t-SNE",580384.682,581633.8557,576729.92375,584756.99575,3667888,NA,NA,NA,NA,NA,NA,NA,NA,NA,"ML"
"t-SNE",1000,"t-SNE",1437126.6055,1442039.2888,1435211.07625,1452028.58675,7325800,NA,NA,NA,NA,NA,NA,NA,NA,NA,"ML"
"AR",50,"AR_burg",85.9765,87.92684,85.36425,87.096,77800,NA,NA,NA,NA,NA,NA,NA,NA,NA,"Other"
"AR",100,"AR_burg",94.472,96.58028,93.304,97.13675,24856,NA,NA,NA,NA,NA,NA,NA,NA,NA,"Other"
"AR",500,"AR_burg",145.128,263.92578,143.85225,149.112,92104,NA,NA,NA,NA,NA,NA,NA,NA,NA,"Other"
"AR",1000,"AR_yule-walker",251.5045,252.55328,248.92075,253.732,244208,NA,NA,NA,NA,NA,NA,NA,NA,NA,"Other"
"AR",5000,"AR_burg",888.241,1287.42101,842.501,1111.38525,805928,NA,NA,NA,NA,NA,NA,NA,NA,NA,"Other"
"Competing_Risks",100,"CompetingRisks",796.843,852.16749,789.34675,818.355,868584,NA,NA,NA,NA,NA,NA,NA,NA,NA,"Other"
"Competing_Risks",500,"CompetingRisks",2867.009,2961.36585,2846.65725,2892.67375,1383840,NA,NA,NA,NA,NA,NA,NA,NA,NA,"Other"
"Competing_Risks",1000,"CompetingRisks",7817.962,7965.16344,7766.222,7859.41475,2747328,NA,NA,NA,NA,NA,NA,NA,NA,NA,"Other"
"Competing_Risks",5000,"CompetingRisks",139223.588,139956.65099,138630.8145,140187.79225,14504456,NA,NA,NA,NA,NA,NA,NA,NA,NA,"Other"
"Diagnostics_Suite",100,"lm_tests",424.577,539.0163,401.04175,447.96575,852456,NA,NA,NA,NA,NA,NA,NA,NA,NA,"Other"
"Diagnostics_Suite",400,"lm_tests",5886.388,11647.5643,3396.4715,16748.39225,10289056,NA,NA,NA,NA,NA,NA,NA,NA,NA,"Other"
"Diagnostics_Suite",1024,"lm_tests",76353.226,79580.8903,61599.437,89857.35675,67232800,NA,NA,NA,NA,NA,NA,NA,NA,NA,"Other"
"Granger",100,"grangertest",2272.024,2362.2676,2246.404,2363.29275,1646616,NA,NA,NA,NA,NA,NA,NA,NA,NA,"Other"
"Granger",500,"grangertest",4574.6325,4767.996,4496.21975,4584.54075,3264288,NA,NA,NA,NA,NA,NA,NA,NA,NA,"Other"
"Granger",1000,"grangertest",7608.763,7878.9958,7520.242,7739.771,6482008,NA,NA,NA,NA,NA,NA,NA,NA,NA,"Other"
"Granger",5000,"grangertest",36980.4665,39468.7441,35586.0615,37462.79675,34869760,NA,NA,NA,NA,NA,NA,NA,NA,NA,"Other"
"Moran_Test",100,"moran_test",264.265,269.5801,262.329,266.197,479784,NA,NA,NA,NA,NA,NA,NA,NA,NA,"Other"
"Moran_Test",400,"moran_test",4257.102,4411.0566,4239.31425,4260.202,1302784,NA,NA,NA,NA,NA,NA,NA,NA,NA,"Other"
"Moran_Test",1024,"moran_test",28741.5535,29395.994,28223.89975,29663.7005,8446336,NA,NA,NA,NA,NA,NA,NA,NA,NA,"Other"
"Neighbors",100,"neighbors",1180.756,1335.6637,1170.124,1263.324,474496,NA,NA,NA,NA,NA,NA,NA,NA,NA,"Other"
"Neighbors",400,"neighbors",8560.133,8873.5677,8460.89275,8693.69725,7177696,NA,NA,NA,NA,NA,NA,NA,NA,NA,"Other"
"Neighbors",1024,"neighbors",42873.905,45812.5601,42738.441,43916.12075,46489696,NA,NA,NA,NA,NA,NA,NA,NA,NA,"Other"
"P_Adjust",10,"p_adjust_bonferroni",8.304,8.39219,7.952,8.64875,0,NA,NA,NA,NA,NA,NA,NA,NA,NA,"Other"
"P_Adjust",100,"p_adjust_bonferroni",8.2245,8.36243,8.092,8.42,3888,NA,NA,NA,NA,NA,NA,NA,NA,NA,"Other"
"P_Adjust",1000,"p_adjust_bonferroni",13.76,16.40805,13.628,21.92,36288,NA,NA,NA,NA,NA,NA,NA,NA,NA,"Other"
"P_Adjust",10000,"p_adjust_bonferroni",64.7525,65.40215,64.00825,65.652,360288,NA,NA,NA,NA,NA,NA,NA,NA,NA,"Other"
"Random_Effects",100,"Random_Effects",4069.165,4313.06534,4034.849,4143.62525,1234968,"RandomEffects",15.232,15.26535,15.024,15.396,0,267.14581144958,282.539564438418,NA,"Panel"
"Fixed_Effects",100,"FE_plm",1268.546,1458.40811,1194.878,1568.54125,1292424,"FixedEffects",8.16,8.16947,7.95275,8.32,12288,155.459068627451,178.519305413937,105.177734375,"Panel"
"HDFE",100,"hdfe",1888.291,2423.94144,1795.59825,2008.959,85720,"HDFE",14.368,14.44295,14.224,14.512,0,131.423371380846,167.828694276446,NA,"Panel"
"Random_Effects",1000,"Random_Effects",5929.299,6239.19602,5762.54225,6021.41125,3788664,"RandomEffects",102.1285,102.41347,100.58425,103.376,0,58.0572416122826,60.9216348201072,NA,"Panel"
"Random_Effects",5000,"Random_Effects",17708.417,18266.63665,15610.02675,19907.312,18109520,"RandomEffects",527.691,528.88092,524.68625,532.31025,4096,33.5583077975558,34.5382787679314,4421.26953125,"Panel"
"Fixed_Effects",1000,"fe_plm",1948.435,2182.85662,1909.959,1991.28675,1048800,"FixedEffects",62.8245,62.74944,60.892,63.66825,12288,31.0139356461253,34.786870129837,85.3515625,"Panel"
"HDFE",1000,"hdfe",2150.923,2284.0574,2080.071,2237.347,702736,"HDFE",115.0805,115.5222,114.01275,116.59675,0,18.6905948444784,19.7715884912164,NA,"Panel"
"Fixed_Effects",5000,"fe_plm",5139.8555,5851.1464,5076.715,5739.11225,5084504,"FixedEffects",298.97,299.96789,296.79725,302.70975,0,17.1918771114159,19.5059091158057,NA,"Panel"
"HDFE",5000,"hdfe",7520.635,8834.38018,7284.407,9551.40625,3409592,"HDFE",566.3785,566.6859,562.507,570.071,0,13.2784613116494,15.5895535428003,NA,"Panel"
"Arellano_Bond",200,"Arellano_Bond",4677.206,4815.1153,4599.902,4885.54275,2878472,NA,NA,NA,NA,NA,NA,NA,NA,NA,"Panel"
"Arellano_Bond",1000,"Arellano_Bond",53680.5845,78804.4886,50881.48425,66567.5715,77058272,NA,NA,NA,NA,NA,NA,NA,NA,NA,"Panel"
"Fixed_Effects",10000,"FE_plm",9606.601,11325.22677,9448.424,11749.32925,11316768,NA,NA,NA,NA,NA,NA,NA,NA,NA,"Panel"
"Hausman",100,"Hausman",5378.4975,5730.8915,5341.669,5475.474,552984,NA,NA,NA,NA,NA,NA,NA,NA,NA,"Panel"
"Hausman",1000,"Hausman",7971.186,8311.88834,7732.797,8132.026,4837464,NA,NA,NA,NA,NA,NA,NA,NA,NA,"Panel"
"Hausman",5000,"Hausman",42494.433,40798.94582,25917.05525,47827.17825,23194024,NA,NA,NA,NA,NA,NA,NA,NA,NA,"Panel"
"Panel_GLS",100,"Panel_GLS",2065.462,2097.21905,2009.586,2150.62225,374328,NA,NA,NA,NA,NA,NA,NA,NA,NA,"Panel"
"Panel_GLS",1000,"Panel_GLS",3575.979,4126.1323,3476.04675,3736.70325,2849040,NA,NA,NA,NA,NA,NA,NA,NA,NA,"Panel"
"Panel_GLS",5000,"Panel_GLS",17004.5305,24596.45355,14277.607,17622.01225,22288632,NA,NA,NA,NA,NA,NA,NA,NA,NA,"Panel"
"PMG",200,"PMG",1959.078,1987.0635,1926.658,2023.538,289856,NA,NA,NA,NA,NA,NA,NA,NA,NA,"Panel"
"PMG",1000,"PMG",3635.131,4161.8173,3562.079,3785.152,1391864,NA,NA,NA,NA,NA,NA,NA,NA,NA,"Panel"
"PMG",2000,"PMG",5773.513,6343.8894,5684.117,5870.13725,2744784,NA,NA,NA,NA,NA,NA,NA,NA,NA,"Panel"
"PVCM",100,"PVCM",3209.5855,3224.7072,3164.46975,3280.582,189344,NA,NA,NA,NA,NA,NA,NA,NA,NA,"Panel"
"PVCM",1000,"PVCM",12819.511,13373.89765,12679.89,12983.267,1105600,NA,NA,NA,NA,NA,NA,NA,NA,NA,"Panel"
"PVCM",5000,"PVCM",27542.274,30014.8841,27185.069,29445.844,5557784,NA,NA,NA,NA,NA,NA,NA,NA,NA,"Panel"
"OLS",100,"ols_lm",248.2605,524.76251,241.41825,286.131,121056,"OLS",7.376,7.41188,7.04,7.584,131072,33.6578768980477,70.8001896954619,0.923583984375,"Regression"
"LOESS",100,"LOESS",197.1125,206.37985,193.365,204.24025,188864,"LOESS",15.856,15.87848,15.792,15.92,0,12.431413975782,12.9974563056414,NA,"Regression"
"OLS",1000,"ols_lm",489.41,440.82146,306.119,499.496,370648,"OLS",42.632,42.81622,40.31625,44.96,57344,11.4798742728467,10.2956650540379,6.46358816964286,"Regression"
"OLS",10000,"ols_lm",874.6785,1099.50017,861.825,922.187,3733528,"OLS",374.146,374.9139,371.01,377.538,0,2.33779994975224,2.93267379523672,NA,"Regression"
"LOESS",1000,"loess_span0.30",1041.483,1138.62835,1031.56625,1086.611,302160,"LOESS",2502.7805,2493.72449,2478.33675,2508.58075,0,0.416130379791596,0.456597492852949,NA,"Regression"
"GLS",100,"GLS",1851.814,2557.14195,1824.022,3873.537,8819432,NA,NA,NA,NA,NA,NA,NA,NA,NA,"Regression"
"GLS",500,"GLS",29898.6415,44917.7783,26027.40875,44696.83775,188515368,NA,NA,NA,NA,NA,NA,NA,NA,NA,"Regression"
"GLS",1000,"GLS",198723.79,203548.04795,181352.68475,215827.942,749007560,NA,NA,NA,NA,NA,NA,NA,NA,NA,"Regression"
"GLS",2000,"GLS_AR1",1130355.1165,1089665.67475,1052381.9955,1184685.315,4013205368,NA,NA,NA,NA,NA,NA,NA,NA,NA,"Regression"
"LOESS",500,NA,NA,NA,NA,NA,NA,"LOESS",558.867,563.2694,551.227,572.651,0,NA,NA,NA,"Regression"
"LOESS",5000,"loess_robust",26977.2085,27172.3948,26937.713,27061.309,4997040,NA,NA,NA,NA,NA,NA,NA,NA,NA,"Regression"
"LOESS",10000,"loess_gaussian",95474.629,95580.642,95265.96,95671.24975,3015488,NA,NA,NA,NA,NA,NA,NA,NA,NA,"Regression"
"NLS",8,"nls_michaelis_menten",246.2325,280.14084,240.50425,262.841,280,NA,NA,NA,NA,NA,NA,NA,NA,NA,"Regression"
"NLS",10,"nls_exp_decay",282.177,319.06673,279.309,293.077,660512,NA,NA,NA,NA,NA,NA,NA,NA,NA,"Regression"
"NLS",20,"nls_michaelis_menten",255.281,296.0023,248.84425,270.533,31336,NA,NA,NA,NA,NA,NA,NA,NA,NA,"Regression"
"NLS",50,"nls_michaelis_menten",265.1285,300.1817,257.27225,276.989,77480,NA,NA,NA,NA,NA,NA,NA,NA,NA,"Regression"
"NLS",100,"nls_michaelis_menten",285.4645,329.66596,279.017,303.341,147392,NA,NA,NA,NA,NA,NA,NA,NA,NA,"Regression"
"NLS",500,"nls_michaelis_menten",404.641,472.02822,393.802,437.689,705664,NA,NA,NA,NA,NA,NA,NA,NA,NA,"Regression"
"NLS",1000,"NLS",569.2815,691.77122,566.09,579.794,1274992,NA,NA,NA,NA,NA,NA,NA,NA,NA,"Regression"
"OLS_Bootstrap",100,"OLS_Bootstrap",2281.3835,3224.3701,2236.291,2392.14725,2829760,NA,NA,NA,NA,NA,NA,NA,NA,NA,"Regression"
"OLS_Bootstrap",1000,"OLS_Bootstrap",12319.678,13763.8092,12278.38625,15746.981,22513920,NA,NA,NA,NA,NA,NA,NA,NA,NA,"Regression"
"OLS_Bootstrap",10000,"OLS_Bootstrap",142078.196,156263.1826,139998.1495,143314.75175,226927680,NA,NA,NA,NA,NA,NA,NA,NA,NA,"Regression"
"OLS_Clustered",100,"OLS_Clustered",290.449,293.08251,286.17225,295.045,207168,NA,NA,NA,NA,NA,NA,NA,NA,NA,"Regression"
"OLS_Clustered",1000,"OLS_Clustered",508.978,566.82337,503.729,521.17,516112,NA,NA,NA,NA,NA,NA,NA,NA,NA,"Regression"
"OLS_Clustered",10000,"OLS_Clustered",2864.513,3167.02202,2849.433,2891.201,5444272,NA,NA,NA,NA,NA,NA,NA,NA,NA,"Regression"
"OLS_Driscoll_Kraay",100,"OLS_Driscoll_Kraay",1191.4595,1222.0381,1183.979,1216.24775,402448,NA,NA,NA,NA,NA,NA,NA,NA,NA,"Regression"
"OLS_Driscoll_Kraay",1000,"OLS_Driscoll_Kraay",4381.2455,4668.96445,4166.033,4482.07725,3154616,NA,NA,NA,NA,NA,NA,NA,NA,NA,"Regression"
"OLS_Driscoll_Kraay",5000,"OLS_Driscoll_Kraay",15381.0865,17200.03025,15278.702,19410.39025,21317856,NA,NA,NA,NA,NA,NA,NA,NA,NA,"Regression"
"OLS_HAC",100,"vcovHAC",890.563,961.373,876.08725,942.547,1297544,NA,NA,NA,NA,NA,NA,NA,NA,NA,"Regression"
"OLS_HAC",500,"vcovHAC",3458.4525,4001.8654,3167.815,4665.109,6852728,NA,NA,NA,NA,NA,NA,NA,NA,NA,"Regression"
"OLS_HAC",1000,"vcovHAC",10532.813,10857.3136,8797.05925,11524.15675,25714648,NA,NA,NA,NA,NA,NA,NA,NA,NA,"Regression"
"OLS_HAC",5000,"vcovHAC",80329.5475,89872.2455,79772.626,98557.59625,387994248,NA,NA,NA,NA,NA,NA,NA,NA,NA,"Regression"
"OLS_HAC",10000,"OLS_HAC",612404.757,586623.834,605656.171,616311.2795,2194469784,NA,NA,NA,NA,NA,NA,NA,NA,NA,"Regression"
"OLS_HC0",1000,"robust_HC0",1498.241,1616.16586,1446.1005,1597.8005,1596592,NA,NA,NA,NA,NA,NA,NA,NA,NA,"Regression"
"OLS_HC1",100,"OLS_HC1",635.586,936.99071,626.05,670.53025,584592,NA,NA,NA,NA,NA,NA,NA,NA,NA,"Regression"
"OLS_HC1",1000,"OLS_HC1",1446.613,1590.21192,1427.912,1487.15225,1059336,NA,NA,NA,NA,NA,NA,NA,NA,NA,"Regression"
"OLS_HC1",10000,"OLS_HC1",10822.163,11973.04903,10356.25775,12009.347,10578216,NA,NA,NA,NA,NA,NA,NA,NA,NA,"Regression"
"OLS_HC2",1000,"robust_HC2",1495.5855,1630.07177,1455.603,1580.96525,1067384,NA,NA,NA,NA,NA,NA,NA,NA,NA,"Regression"
"OLS_HC3",100,"OLS_HC3",385.569,391.77099,380.865,395.697,73936,NA,NA,NA,NA,NA,NA,NA,NA,NA,"Regression"
"OLS_HC3",1000,"OLS_HC3",1121.675,1200.66469,1095.57175,1156.69125,696736,NA,NA,NA,NA,NA,NA,NA,NA,NA,"Regression"
"OLS_HC3",10000,"OLS_HC3",8674.4275,9193.89621,8575.635,8871.435,6924736,NA,NA,NA,NA,NA,NA,NA,NA,NA,"Regression"
"OLS_lmfit",100,"ols_lmfit",12.429,12.75271,12.073,12.917,9040,NA,NA,NA,NA,NA,NA,NA,NA,NA,"Regression"
"OLS_lmfit",1000,"ols_lmfit",35.9275,42.90015,35.527,55.638,88240,NA,NA,NA,NA,NA,NA,NA,NA,NA,"Regression"
"OLS_lmfit",10000,"ols_lmfit",291.978,321.09792,289.898,296.169,880240,NA,NA,NA,NA,NA,NA,NA,NA,NA,"Regression"
"Quantile_Regression",100,"Quantile_Regression",221.689,231.92392,212.652,243.865,365864,NA,NA,NA,NA,NA,NA,NA,NA,NA,"Regression"
"Quantile_Regression",1000,"Quantile_Regression",674.5945,793.6733,661.55,690.65025,572272,NA,NA,NA,NA,NA,NA,NA,NA,NA,"Regression"
"Quantile_Regression",10000,"Quantile_Regression",24988.857,29027.8365,24842.005,27162.63975,5735152,NA,NA,NA,NA,NA,NA,NA,NA,NA,"Regression"
"Smooth_Spline",50,"smooth_spline_df",128.5125,133.28718,127.592,130.13625,543480,NA,NA,NA,NA,NA,NA,NA,NA,NA,"Regression"
"Smooth_Spline",100,"smooth_spline_df",168.8245,202.37604,166.76825,178.98825,65424,NA,NA,NA,NA,NA,NA,NA,NA,NA,"Regression"
"Smooth_Spline",200,"smooth_spline_cv",254.4485,255.29784,252.377,256.677,117208,NA,NA,NA,NA,NA,NA,NA,NA,NA,"Regression"
"Smooth_Spline",500,"smooth_spline_cv",446.681,448.55964,444.85325,450.59775,241264,NA,NA,NA,NA,NA,NA,NA,NA,NA,"Regression"
"Smooth_Spline",1000,"Smooth_Spline",774.851,775.90844,769.346,780.13875,446104,NA,NA,NA,NA,NA,NA,NA,NA,NA,"Regression"
"Smooth_Spline",10000,"Smooth_Spline",14178.222,14676.3039,14007.354,14415.859,5605560,NA,NA,NA,NA,NA,NA,NA,NA,NA,"Regression"
"Stepwise",100,"Stepwise",623.034,635.0628,617.018,637.838,290600,NA,NA,NA,NA,NA,NA,NA,NA,NA,"Regression"
"Stepwise",1000,"Stepwise",858.7705,874.6755,852.15875,872.74225,787120,NA,NA,NA,NA,NA,NA,NA,NA,NA,"Regression"
"Stepwise",10000,"Stepwise",3163.977,3617.3869,3120.06575,3236.526,7771120,NA,NA,NA,NA,NA,NA,NA,NA,NA,"Regression"
"SAR",1024,"lagsarlm",504630.1935,509762.4043,397752.12875,613619.58625,249019320,"SAR",218.361,219.10077,217.933,219.941,0,2310.99048593842,2326.61165134198,NA,"Spatial"
"SEM",1024,"errorsarlm",646112.6605,652439.1781,632646.98825,662476.35525,367381368,"SEM",281.849,282.08943,281.218,282.90175,0,2292.4071417674,2312.88062831706,NA,"Spatial"
"SAR",400,"lagsarlm",48338.932,47031.3307,44876.1995,49766.973,46149192,"SAR",89.2965,89.4609400000001,88.97225,89.78425,0,541.330645658005,525.719165258044,NA,"Spatial"
"SEM",400,"errorsarlm",47727.0015,48141.2896,39919.45125,49640.224,38462168,"SEM",141.081,141.37189,140.96075,141.26875,0,338.295032640823,340.529433397262,NA,"Spatial"
"SAR",100,"lagsarlm",2482.4725,2873.3633,2377.312,2702.389,2819200,"SAR",23.928,24.09482,23.76,24.212,0,103.747596957539,119.252324773541,NA,"Spatial"
"SEM",100,"errorsarlm",6994.296,7944.275,6804.383,8363.116,4507352,"SEM",74.384,75.00278,73.708,76.844,0,94.0295762529576,105.919740574949,NA,"Spatial"
"Local_Moran",100,"localmoran",41.136,110.1587,40.78075,42.868,129728,NA,NA,NA,NA,NA,NA,NA,NA,NA,"Spatial"
"Local_Moran",400,"localmoran",168.2565,170.6662,165.80475,175.473,12992,NA,NA,NA,NA,NA,NA,NA,NA,NA,"Spatial"
"Local_Moran",1024,"localmoran",391.442,479.12,383.809,408.189,32960,NA,NA,NA,NA,NA,NA,NA,NA,NA,"Spatial"
"SAC",100,"sacsarlm",22833.055,22535.1844,21626.89,23371.824,11938192,NA,NA,NA,NA,NA,NA,NA,NA,NA,"Spatial"
"SAC",400,"sacsarlm",93027.118,94287.8618,92434.284,96587.803,59537120,NA,NA,NA,NA,NA,NA,NA,NA,NA,"Spatial"
"SAC",1024,"sacsarlm",659778.734,656093.0498,628773.155,676690.744,263255072,NA,NA,NA,NA,NA,NA,NA,NA,NA,"Spatial"
"Fisher",20,"fisher_with_ci",125.6645,145.59844,123.28075,131.025,0,"Fisher",0.576,0.58289,0.56,0.592,0,218.167534722222,249.787163958895,NA,"Stats"
"Fisher",100,"fisher_greater",120.7605,138.91538,119.564,125.804,30328,"Fisher",1.792,1.80704,1.776,1.824,0,67.388671875,76.8745462192313,NA,"Stats"
"Fisher",500,"fisher_with_ci",385.713,420.99879,378.80825,394.037,342072,"Fisher",18.4,18.50822,18.352,18.464,0,20.9626630434783,22.7465844905669,NA,"Stats"
"Fisher",1000,"fisher_twosided",653.5855,713.24174,644.69,681.118,708768,"Fisher",41.568,41.79112,41.488,41.712,0,15.7232847382602,17.0668252011432,NA,"Stats"
"Isotonic_Regression",1000,"Isotonic_Regression",82.0965,82.10392,80.16,83.312,44344,"Isotonic_Regression",7.7925,8.07032,7.568,8.172,0,10.535322425409,10.1735643691948,NA,"Stats"
"Isotonic_Regression",10000,"Isotonic_Regression",762.378,804.56122,740.59025,779.15475,440344,"Isotonic_Regression",84.936,86.44065,81,90.741,0,8.97591127437129,9.30767202699193,NA,"Stats"
"Isotonic_Regression",100,"isoreg",11.216,11.5437,10.196,12.144,84120,"Isotonic_Regression",1.368,1.41312,1.328,1.424,0,8.19883040935673,8.16894531249999,NA,"Stats"
"Factor_Analysis",1000,"Factor_Analysis",1715.9575,1945.8204,1649.98425,1787.837,454952,"factanal",887.092,887.27437,885.892,888.10025,0,1.93436250129637,2.19303122663174,NA,"Stats"
"Factor_Analysis",100,"factanal_none",552.0495,645.27004,542.62925,573.34925,710328,"factanal",387.57,388.55492,386.81,390.046,0,1.42438656242743,1.66069198145786,NA,"Stats"
"Factor_Analysis",500,"factanal_none",1015.682,1155.20762,970.679,1125.743,578056,"factanal",892.8925,894.3413,891.952,893.49225,0,1.13751879425575,1.29168542255624,NA,"Stats"
"ACF",100,"ACF",45.328,45.93487,44.768,46.348,17568,NA,NA,NA,NA,NA,NA,NA,NA,NA,"Stats"
"ACF",1000,"ACF",71.48,72.51831,70.928,72.312,45176,NA,NA,NA,NA,NA,NA,NA,NA,NA,"Stats"
"ACF",10000,"ACF",440.7215,575.57684,435.84975,449.089,441416,NA,NA,NA,NA,NA,NA,NA,NA,NA,"Stats"
"ACF",1e+05,"ACF",4648.9415,5081.7769,4606.746,5596.07525,4401656,NA,NA,NA,NA,NA,NA,NA,NA,NA,"Stats"
"ANOVA",40,"anova_two_way",236.5285,284.62965,233.16825,253.83675,14080,NA,NA,NA,NA,NA,NA,NA,NA,NA,"Stats"
"ANOVA",60,"anova_one_way",178.832,216.52869,176.80825,189.60025,727424,NA,NA,NA,NA,NA,NA,NA,NA,NA,"Stats"
"ANOVA",100,"ANOVA",192.633,197.14925,190.07675,197.872,99504,NA,NA,NA,NA,NA,NA,NA,NA,NA,"Stats"
"ANOVA",200,"anova_two_way",251.2725,334.81202,245.701,273.10025,58720,NA,NA,NA,NA,NA,NA,NA,NA,NA,"Stats"
"ANOVA",400,"anova_two_way",261.449,317.50574,256.353,289.54025,115168,NA,NA,NA,NA,NA,NA,NA,NA,NA,"Stats"
"ANOVA",500,"anova_one_way",205.057,233.57306,201.35675,215.73225,124664,NA,NA,NA,NA,NA,NA,NA,NA,NA,"Stats"
"ANOVA",1000,"ANOVA",230.057,233.18986,227.305,233.473,213832,NA,NA,NA,NA,NA,NA,NA,NA,NA,"Stats"
"ANOVA",5000,"anova_one_way",573.321,635.10522,567.214,599.318,1650640,NA,NA,NA,NA,NA,NA,NA,NA,NA,"Stats"
"ANOVA",10000,"ANOVA",627.898,816.52561,623.51,641.778,2172712,NA,NA,NA,NA,NA,NA,NA,NA,NA,"Stats"
"Ansari",100,"Ansari",35.544,37.67803,34.956,38.432,258576,NA,NA,NA,NA,NA,NA,NA,NA,NA,"Stats"
"Ansari",1000,"Ansari",97.6165,103.05133,96.97225,100.44075,221568,NA,NA,NA,NA,NA,NA,NA,NA,NA,"Stats"
"Ansari",10000,"Ansari",1723.213,1948.79031,1701.205,1758.809,2303328,NA,NA,NA,NA,NA,NA,NA,NA,NA,"Stats"
"Bartlett",15,"bartlett_k3",361.192,279.67522,149.948,391.28475,347640,NA,NA,NA,NA,NA,NA,NA,NA,NA,"Stats"
"Bartlett",100,"Bartlett",137.776,141.21932,136.648,140.125,87288,NA,NA,NA,NA,NA,NA,NA,NA,NA,"Stats"
"Bartlett",1000,"Bartlett",230.705,234.6905,228.66,235.80025,157864,NA,NA,NA,NA,NA,NA,NA,NA,NA,"Stats"
"Bartlett",10000,"bartlett_k20",1232.5135,1295.39496,1225.86525,1241.426,1620152,NA,NA,NA,NA,NA,NA,NA,NA,NA,"Stats"
"Binom_Test",100,"Binom_Test",25.4805,26.27816,25.032,26.304,9024,NA,NA,NA,NA,NA,NA,NA,NA,NA,"Stats"
"Binom_Test",500,"Binom_Test",33.4,33.9257,32.984,34.14,5168,NA,NA,NA,NA,NA,NA,NA,NA,NA,"Stats"
"Binom_Test",1000,"Binom_Test",43.456,43.86973,43.28,44.10025,10168,NA,NA,NA,NA,NA,NA,NA,NA,NA,"Stats"
"Box_Ljung",100,"Box-Pierce",49.432,50.09973,48.85275,50.556,4288,NA,NA,NA,NA,NA,NA,NA,NA,NA,"Stats"
"Box_Ljung",1000,"Box_Ljung",62.912,64.54147,62.33275,65.104,40288,NA,NA,NA,NA,NA,NA,NA,NA,NA,"Stats"
"Box_Ljung",10000,"Box_Ljung",200.233,204.0214,198.477,203.89625,400288,NA,NA,NA,NA,NA,NA,NA,NA,NA,"Stats"
"Box_Ljung",1e+05,"Box-Pierce",2208.427,2291.30378,2200.411,2220.235,4000288,NA,NA,NA,NA,NA,NA,NA,NA,NA,"Stats"
"Cancor",100,"Cancor",61.456,62.4101,60.936,62.50075,31528,NA,NA,NA,NA,NA,NA,NA,NA,NA,"Stats"
"Cancor",500,"Cancor",89.2,91.56058,86.39675,95.428,149928,NA,NA,NA,NA,NA,NA,NA,NA,NA,"Stats"
"Cancor",1000,"cancor_p2_q2",104.9045,128.52864,104.272,106.296,257896,NA,NA,NA,NA,NA,NA,NA,NA,NA,"Stats"
"Cancor",10000,"cancor",1327.8895,1657.14536,1322.162,1339.65375,4643248,NA,NA,NA,NA,NA,NA,NA,NA,NA,"Stats"
"Cancor",1e+05,"cancor",23508.862,26533.83685,19402.82575,26253.774,46403248,NA,NA,NA,NA,NA,NA,NA,NA,NA,"Stats"
"CCF",100,"CCF",201.848,410.61124,195.876,214.26825,286280,NA,NA,NA,NA,NA,NA,NA,NA,NA,"Stats"
"CCF",1000,"CCF",330.3045,378.93343,322.112,349.63275,307624,NA,NA,NA,NA,NA,NA,NA,NA,NA,"Stats"
"CCF",10000,"CCF",1736.2425,1933.10807,1715.79075,1864.954,3011432,NA,NA,NA,NA,NA,NA,NA,NA,NA,"Stats"
"CCF",1e+05,"CCF",18832.5285,19482.2409,18650.204,20391.386,30013672,NA,NA,NA,NA,NA,NA,NA,NA,NA,"Stats"
"Chi_squared",4,"chisq_ind_2x2",17.208,17.62917,16.96,17.588,35624,NA,NA,NA,NA,NA,NA,NA,NA,NA,"Stats"
"Chi_squared",5,"chisq_gof",9.392,19.27556,8.924,12.548,4616,NA,NA,NA,NA,NA,NA,NA,NA,NA,"Stats"
"Chi_squared",9,"chisq_ind_3x3",18.512,19.33172,17.504,20.024,0,NA,NA,NA,NA,NA,NA,NA,NA,NA,"Stats"
"Chi_squared",10,"chisq_gof",9.4325,9.6189,9.13675,9.808,0,NA,NA,NA,NA,NA,NA,NA,NA,NA,"Stats"
"Chi_squared",20,"chisq_gof",10.4,10.51586,10.064,10.74,1872,NA,NA,NA,NA,NA,NA,NA,NA,NA,"Stats"
"Chi_squared",25,"chisq_ind_5x5",19.664,27.87398,19.216,22.252,2976,NA,NA,NA,NA,NA,NA,NA,NA,NA,"Stats"
"Chi_squared",50,"chisq_gof",13.712,22.66485,12.648,15.2,4776,NA,NA,NA,NA,NA,NA,NA,NA,NA,"Stats"
"Chi_squared",100,"chisq_gof",14.088,14.22131,13.932,14.296,8976,NA,NA,NA,NA,NA,NA,NA,NA,NA,"Stats"
"Chi_squared",400,"chisq_ind_20x20",41.624,53.59741,40.14,45.588,42688,NA,NA,NA,NA,NA,NA,NA,NA,NA,"Stats"
"Chi_squared",1000,"Chi_squared",28.48,29.01193,28.096,28.996,0,NA,NA,NA,NA,NA,NA,NA,NA,NA,"Stats"
"Chi_squared",10000,"Chi_squared",29.6,30.11914,29.28,30.192,0,NA,NA,NA,NA,NA,NA,NA,NA,NA,"Stats"
"Cor_Test",100,"Cor_Test",41.097,41.62173,40.668,41.792,157768,NA,NA,NA,NA,NA,NA,NA,NA,NA,"Stats"
"Cor_Test",1000,"Cor_Test",166.728,170.20514,163.42075,171.58,36352,NA,NA,NA,NA,NA,NA,NA,NA,NA,"Stats"
"Cor_Test",10000,"Cor_Test",1713.469,1752.30413,1683.90825,1722.945,360352,NA,NA,NA,NA,NA,NA,NA,NA,NA,"Stats"
"Factor_Analysis",5000,"factanal_none",2942.671,3400.1763,2913.00325,4160.23475,4473584,NA,NA,NA,NA,NA,NA,NA,NA,NA,"Stats"
"Fisher",30,"Fisher",140.3605,148.66639,139.37625,145.94075,337744,NA,NA,NA,NA,NA,NA,NA,NA,NA,"Stats"
"Fligner",100,"Fligner",186.2085,190.10567,182.297,191.04425,103656,NA,NA,NA,NA,NA,NA,NA,NA,NA,"Stats"
"Fligner",1000,"Fligner",338.889,400.27429,330.189,347.737,319632,NA,NA,NA,NA,NA,NA,NA,NA,NA,"Stats"
"Fligner",10000,"Fligner",2408.727,2676.10346,2369.059,2457.711,3214512,NA,NA,NA,NA,NA,NA,NA,NA,NA,"Stats"
"Friedman",20,"Friedman",823.475,805.45757,755.114,843.43825,76008,NA,NA,NA,NA,NA,NA,NA,NA,NA,"Stats"
"Friedman",30,"friedman",1032.6985,1353.18459,1017.362,1132.49025,511560,NA,NA,NA,NA,NA,NA,NA,NA,NA,"Stats"
"Friedman",50,"Friedman",1748.974,1811.36504,1722.681,1798.102,62136,NA,NA,NA,NA,NA,NA,NA,NA,NA,"Stats"
"Friedman",100,"Friedman",3441.179,3645.30099,3379.063,3532.54725,120352,NA,NA,NA,NA,NA,NA,NA,NA,NA,"Stats"
"Friedman",300,"friedman",11237.0035,11826.62406,10340.817,13061.352,290672,NA,NA,NA,NA,NA,NA,NA,NA,NA,"Stats"
"Friedman",1000,"friedman",45888.288,46860.08674,41392.65675,51718.95,943376,NA,NA,NA,NA,NA,NA,NA,NA,NA,"Stats"
"Kruskal_Wallis",100,"kruskal",248.608,284.70533,244.773,256.473,658688,NA,NA,NA,NA,NA,NA,NA,NA,NA,"Stats"
"Kruskal_Wallis",1000,"Kruskal_Wallis",904.8745,957.72973,897.819,911.327,420968,NA,NA,NA,NA,NA,NA,NA,NA,NA,"Stats"
"Kruskal_Wallis",10000,"Kruskal_Wallis",8227.25,8572.57739,8191.786,8463.48625,4419368,NA,NA,NA,NA,NA,NA,NA,NA,NA,"Stats"
"Kruskal_Wallis",1e+05,"kruskal",112103.757,114343.87781,109274.471,116419.91125,42846648,NA,NA,NA,NA,NA,NA,NA,NA,NA,"Stats"
"KS_test",100,"KS_test",32.072,32.58266,31.856,32.5,117608,NA,NA,NA,NA,NA,NA,NA,NA,NA,"Stats"
"KS_test",1000,"KS_test",82.592,129.38057,81.80425,86.46,100920,NA,NA,NA,NA,NA,NA,NA,NA,NA,"Stats"
"KS_test",10000,"KS_onesample",633.0735,669.99953,617.20525,643.826,1051800,NA,NA,NA,NA,NA,NA,NA,NA,NA,"Stats"
"KS_test",1e+05,"KS_onesample",6394.023,6786.74078,6166.247,7428.47375,10249304,NA,NA,NA,NA,NA,NA,NA,NA,NA,"Stats"
"Loglin",4,"loglin_2x2",16.632,28.56684,16.196,17.256,92792,NA,NA,NA,NA,NA,NA,NA,NA,NA,"Stats"
"Loglin",6,"loglin_2x3",26.944,66.35576,22.936,32.28425,208,NA,NA,NA,NA,NA,NA,NA,NA,NA,"Stats"
"Loglin",8,"loglin_2x2x2",26.6885,41.73644,26.24,27.52,208,NA,NA,NA,NA,NA,NA,NA,NA,NA,"Stats"
"Mahalanobis",100,"mahalanobis",29.9445,42.80187,29.08,31.92,183720,NA,NA,NA,NA,NA,NA,NA,NA,NA,"Stats"
"Mahalanobis",1000,"mahalanobis_p2",45.056,46.09499,43.964,46.688,72240,NA,NA,NA,NA,NA,NA,NA,NA,NA,"Stats"
"Mahalanobis",10000,"mahalanobis",1144.107,1078.84002,717.94575,1177.74625,1681208,NA,NA,NA,NA,NA,NA,NA,NA,NA,"Stats"
"Mahalanobis",1e+05,"mahalanobis",8910.557,10362.22724,8115.54,11160.1785,16801208,NA,NA,NA,NA,NA,NA,NA,NA,NA,"Stats"
"MANOVA",99,"manova",201.2325,250.94443,196.892,210.505,907544,NA,NA,NA,NA,NA,NA,NA,NA,NA,"Stats"
"MANOVA",100,"MANOVA",217.328,224.55248,215.125,223.757,32152,NA,NA,NA,NA,NA,NA,NA,NA,NA,"Stats"
"MANOVA",500,"MANOVA",243.257,316.55771,239.01225,246.789,152024,NA,NA,NA,NA,NA,NA,NA,NA,NA,"Stats"
"MANOVA",1000,"MANOVA",266.073,268.54029,263.04075,269.873,302120,NA,NA,NA,NA,NA,NA,NA,NA,NA,"Stats"
"MANOVA",10000,"manova",1245.531,1562.42951,1215.559,1388.68375,5134808,NA,NA,NA,NA,NA,NA,NA,NA,NA,"Stats"
"Mantel_Haenszel",5,"mantelhaen",74.656,97.59751,71.692,80.92,46040,NA,NA,NA,NA,NA,NA,NA,NA,NA,"Stats"
"Mantel_Haenszel",10,"mantelhaen",91.9765,122.48398,89.576,97.072,3456,NA,NA,NA,NA,NA,NA,NA,NA,NA,"Stats"
"Mantel_Haenszel",50,"mantelhaen",254.353,468.73184,248.217,267.393,39440,NA,NA,NA,NA,NA,NA,NA,NA,NA,"Stats"
"Mantel_Haenszel",100,"Mantel_Haenszel",63.744,65.14947,63.12875,65.288,0,NA,NA,NA,NA,NA,NA,NA,NA,NA,"Stats"
"Mantel_Haenszel",500,"Mantel_Haenszel",64.56,65.57043,63.372,66.592,0,NA,NA,NA,NA,NA,NA,NA,NA,NA,"Stats"
"Mantel_Haenszel",1000,"Mantel_Haenszel",63.216,64.58707,62.38,65.536,0,NA,NA,NA,NA,NA,NA,NA,NA,NA,"Stats"
"McNemar",1,"mcnemar_no_correction",11.136,28.35575,10.604,12.42825,0,NA,NA,NA,NA,NA,NA,NA,NA,NA,"Stats"
"McNemar",100,"McNemar",22.992,24.04311,22.732,23.372,7960,NA,NA,NA,NA,NA,NA,NA,NA,NA,"Stats"
"McNemar",500,"McNemar",23.232,23.73448,22.668,23.892,0,NA,NA,NA,NA,NA,NA,NA,NA,NA,"Stats"
"McNemar",1000,"McNemar",23.128,24.02599,22.736,23.65225,0,NA,NA,NA,NA,NA,NA,NA,NA,NA,"Stats"
"Median_Polish",100,"medpolish",450.3935,517.43096,445.12125,464.60175,202312,NA,NA,NA,NA,NA,NA,NA,NA,NA,"Stats"
"Median_Polish",400,"medpolish",858.491,1323.6319,836.055,949.75975,70336,NA,NA,NA,NA,NA,NA,NA,NA,NA,"Stats"
"Median_Polish",2500,"medpolish",2189.496,2435.19872,2089.92775,2810.086,542304,NA,NA,NA,NA,NA,NA,NA,NA,NA,"Stats"
"Mood",100,"mood",30.6165,43.42938,30.236,31.184,139536,NA,NA,NA,NA,NA,NA,NA,NA,NA,"Stats"
"Mood",1000,"Mood",85.8565,90.91499,85.172,89.60825,165376,NA,NA,NA,NA,NA,NA,NA,NA,NA,"Stats"
"Mood",10000,"mood",1622.755,1770.11769,1616.096,2028.881,1743136,NA,NA,NA,NA,NA,NA,NA,NA,NA,"Stats"
"Mood",1e+05,"mood",28721.525,29983.04002,28055.403,29527.235,48905304,NA,NA,NA,NA,NA,NA,NA,NA,NA,"Stats"
"Oneway",100,"oneway",152.025,171.21965,148.816,155.485,418992,NA,NA,NA,NA,NA,NA,NA,NA,NA,"Stats"
"Oneway",1000,"oneway",280.217,322.60658,274.709,312.473,161960,NA,NA,NA,NA,NA,NA,NA,NA,NA,"Stats"
"Oneway",10000,"oneway",1723.678,2037.70624,1697.814,2161.59525,1652840,NA,NA,NA,NA,NA,NA,NA,NA,NA,"Stats"
"Oneway",1e+05,"oneway",21468.8035,21896.93229,21204.69475,22081.84125,16250344,NA,NA,NA,NA,NA,NA,NA,NA,NA,"Stats"
"PACF",100,"PACF",87.6005,90.40249,86.208,89.384,56640,NA,NA,NA,NA,NA,NA,NA,NA,NA,"Stats"
"PACF",1000,"PACF",137.392,141.6657,135.692,142.385,83168,NA,NA,NA,NA,NA,NA,NA,NA,NA,"Stats"
"PACF",10000,"PACF",685.882,741.04615,671.466,700.114,804096,NA,NA,NA,NA,NA,NA,NA,NA,NA,"Stats"
"PACF",1e+05,"PACF",6560.5685,6721.66375,6526.68425,6604.51625,8004856,NA,NA,NA,NA,NA,NA,NA,NA,NA,"Stats"
"Pairwise_t",30,"pairwise_t_test",123.025,150.90021,121.108,130.472,403240,NA,NA,NA,NA,NA,NA,NA,NA,NA,"Stats"
"Pairwise_t",100,"Pairwise_t",162.9205,248.97033,159.66425,168.121,92920,NA,NA,NA,NA,NA,NA,NA,NA,NA,"Stats"
"Pairwise_t",250,"pairwise_t_test",188.448,219.50445,184.94025,192.285,28776,NA,NA,NA,NA,NA,NA,NA,NA,NA,"Stats"
"Pairwise_t",1000,"Pairwise_t",260.961,264.46509,258.785,263.73275,105928,NA,NA,NA,NA,NA,NA,NA,NA,NA,"Stats"
"Pairwise_t",10000,"Pairwise_t",1588.276,1687.003,1575.137,1607.29625,1041928,NA,NA,NA,NA,NA,NA,NA,NA,NA,"Stats"
"Pairwise_Wilcox",30,"pairwise_wilcox",254.2405,279.6365,250.097,259.37275,745040,NA,NA,NA,NA,NA,NA,NA,NA,NA,"Stats"
"Pairwise_Wilcox",100,"Pairwise_Wilcox",171.033,173.90866,168.90825,174.72475,42808,NA,NA,NA,NA,NA,NA,NA,NA,NA,"Stats"
"Pairwise_Wilcox",250,"pairwise_wilcox",1298.4685,1565.85158,1283.95275,1356.39225,425152,NA,NA,NA,NA,NA,NA,NA,NA,NA,"Stats"
"Pairwise_Wilcox",1000,"Pairwise_Wilcox",1724.021,1793.52426,1701.185,1743.889,777376,NA,NA,NA,NA,NA,NA,NA,NA,NA,"Stats"
"Pairwise_Wilcox",4000,"pairwise_wilcox",70922.2325,70975.13223,70475.43825,71477.22675,43813064,NA,NA,NA,NA,NA,NA,NA,NA,NA,"Stats"
"Pairwise_Wilcox",10000,"Pairwise_Wilcox",16550.872,17120.07663,16419.64,16744.681,7433536,NA,NA,NA,NA,NA,NA,NA,NA,NA,"Stats"
"Phillips_Perron",100,"pp_lshort",313.169,359.91744,309.661,323.933,977760,NA,NA,NA,NA,NA,NA,NA,NA,NA,"Stats"
"Phillips_Perron",1000,"pp_lshort",585.538,658.80296,569.114,667.163,371312,NA,NA,NA,NA,NA,NA,NA,NA,NA,"Stats"
"Phillips_Perron",10000,"pp_lshort",3529.8205,4155.18248,3467.332,4199.18275,3734192,NA,NA,NA,NA,NA,NA,NA,NA,NA,"Stats"
"Phillips_Perron",1e+05,"pp_lshort",42270.323,46392.99248,41077.715,46851.89175,37051696,NA,NA,NA,NA,NA,NA,NA,NA,NA,"Stats"
"Poisson_Test",10,"poisson_one_sample",20.24,20.77608,20.032,20.56,50528,NA,NA,NA,NA,NA,NA,NA,NA,NA,"Stats"
"Poisson_Test",15,"poisson_two_sample",31.512,37.6891,31.232,32.536,89544,NA,NA,NA,NA,NA,NA,NA,NA,NA,"Stats"
"Poisson_Test",100,"poisson_one_sample",20.5045,21.12791,20.368,20.74475,0,NA,NA,NA,NA,NA,NA,NA,NA,NA,"Stats"
"Poisson_Test",150,"poisson_two_sample",31.36,37.00109,31.1,32.44,0,NA,NA,NA,NA,NA,NA,NA,NA,NA,"Stats"
"Poisson_Test",1000,"poisson_one_sample",25.808,34.94508,25.24875,27.564,2168,NA,NA,NA,NA,NA,NA,NA,NA,NA,"Stats"
"Poisson_Test",1500,"poisson_two_sample",31.792,37.49678,31.504,32.728,0,NA,NA,NA,NA,NA,NA,NA,NA,NA,"Stats"
"Poisson_Test",10000,"poisson_one_sample",76.4165,76.07371,72.36875,77.21625,20168,NA,NA,NA,NA,NA,NA,NA,NA,NA,"Stats"
"Poisson_Test",15000,"poisson_two_sample",31.6565,37.02334,31.468,32.64,0,NA,NA,NA,NA,NA,NA,NA,NA,NA,"Stats"
"Power_Analysis",30,"power_ttest_power",16.736,20.689962,16.448,17.5,150656,NA,NA,NA,NA,NA,NA,NA,NA,NA,"Stats"
"Power_Analysis",50,"Power_Analysis",18.576,19.51285,18.24,19.016,8664,NA,NA,NA,NA,NA,NA,NA,NA,NA,"Stats"
"Power_Analysis",80,"power_anova_power",9.152,10.494838,9.024,9.36,50248,NA,NA,NA,NA,NA,NA,NA,NA,NA,"Stats"
"Power_Analysis",100,"power_prop_power",8.992,10.388418,8.832,9.268,55576,NA,NA,NA,NA,NA,NA,NA,NA,NA,"Stats"
"Power_Analysis",500,"Power_Analysis",18.496,18.73733,18.128,18.868,0,NA,NA,NA,NA,NA,NA,NA,NA,NA,"Stats"
"Power_Analysis",NA,"power_prop_n",84.9285,93.888934,83.04075,86.54425,0,NA,NA,NA,NA,NA,NA,NA,NA,NA,"Stats"
"Prop_Test",100,"Prop_Test",34.04,36.32603,33.66,35.376,0,NA,NA,NA,NA,NA,NA,NA,NA,NA,"Stats"
"Prop_Test",500,"Prop_Test",33.752,34.03034,33.424,34.10425,0,NA,NA,NA,NA,NA,NA,NA,NA,NA,"Stats"
"Prop_Test",1000,"Prop_Test",33.76,34.01834,33.39625,34.224,0,NA,NA,NA,NA,NA,NA,NA,NA,NA,"Stats"
"Prop_Trend",3,"prop_trend",374.834,429.528345,366.94125,396.117,1075528,NA,NA,NA,NA,NA,NA,NA,NA,NA,"Stats"
"Prop_Trend",5,"prop_trend",381.922,444.240253,372.769,405.809,0,NA,NA,NA,NA,NA,NA,NA,NA,NA,"Stats"
"Prop_Trend",10,"prop_trend",379.8175,403.844458,371.88975,394.309,624,NA,NA,NA,NA,NA,NA,NA,NA,NA,"Stats"
"Prop_Trend",20,"prop_trend",386.6575,415.95244,376.87325,404.86975,5552,NA,NA,NA,NA,NA,NA,NA,NA,NA,"Stats"
"Quade",20,"Quade",249.065,256.55819,242.617,265.27625,77096,NA,NA,NA,NA,NA,NA,NA,NA,NA,"Stats"
"Quade",30,"quade",138.8405,157.09159,136.345,142.74075,281360,NA,NA,NA,NA,NA,NA,NA,NA,NA,"Stats"
"Quade",50,"Quade",508.793,593.98573,493.985,537.44125,56696,NA,NA,NA,NA,NA,NA,NA,NA,NA,"Stats"
"Quade",100,"Quade",907.9705,992.74079,889.03475,954.76275,109792,NA,NA,NA,NA,NA,NA,NA,NA,NA,"Stats"
"Quade",200,"quade",438.786,640.01326,428.726,465.52925,58344,NA,NA,NA,NA,NA,NA,NA,NA,NA,"Stats"
"Quade",500,"quade",818.923,905.15882,803.783,871.255,133040,NA,NA,NA,NA,NA,NA,NA,NA,NA,"Stats"
"Quade",1500,"quade",4132.1425,4388.18517,4039.966,4214.55825,442416,NA,NA,NA,NA,NA,NA,NA,NA,NA,"Stats"
"Robust_Stats",100,"fivenum",14.384,21.84088,14.18,14.908,1744,NA,NA,NA,NA,NA,NA,NA,NA,NA,"Stats"
"Robust_Stats",1000,"IQR",22.416,23.09865,22.204,23.22425,12096,NA,NA,NA,NA,NA,NA,NA,NA,NA,"Stats"
"Robust_Stats",10000,"IQR",64.6485,69.89193,62.308,70.12425,120096,NA,NA,NA,NA,NA,NA,NA,NA,NA,"Stats"
"Robust_Stats",1e+05,"IQR",907.587,956.75659,888.031,928.15175,1200096,NA,NA,NA,NA,NA,NA,NA,NA,NA,"Stats"
"Shapiro_Wilk",10,"shapiro_mixed",18.264,18.93813,17.964,18.836,0,NA,NA,NA,NA,NA,NA,NA,NA,NA,"Stats"
"Shapiro_Wilk",50,"shapiro_normal",20.24,20.60247,19.932,20.672,1896,NA,NA,NA,NA,NA,NA,NA,NA,NA,"Stats"
"Shapiro_Wilk",100,"shapiro_mixed",21.992,22.22871,21.808,22.324,3496,NA,NA,NA,NA,NA,NA,NA,NA,NA,"Stats"
"Shapiro_Wilk",500,"shapiro_normal",35.016,35.31837,34.524,35.39675,16296,NA,NA,NA,NA,NA,NA,NA,NA,NA,"Stats"
"Shapiro_Wilk",1000,"Shapiro_Wilk",50.92,51.83456,50.04,51.556,32296,NA,NA,NA,NA,NA,NA,NA,NA,NA,"Stats"
"Shapiro_Wilk",2000,"shapiro_normal",101.4645,103.33156,97.276,104.01275,64296,NA,NA,NA,NA,NA,NA,NA,NA,NA,"Stats"
"Shapiro_Wilk",5000,"shapiro_normal",207.393,209.09831,189.929,222.51675,160296,NA,NA,NA,NA,NA,NA,NA,NA,NA,"Stats"
"Spectrum",100,"spec_pgram_raw",45.312,55.21299,44.16,46.856,252944,NA,NA,NA,NA,NA,NA,NA,NA,NA,"Stats"
"Spectrum",1000,"Spectrum",126.0405,127.94468,123.712,127.808,262728,NA,NA,NA,NA,NA,NA,NA,NA,NA,"Stats"
"Spectrum",10000,"spec_pgram_raw",483.682,805.30797,465.88575,926.515,1841560,NA,NA,NA,NA,NA,NA,NA,NA,NA,"Stats"
"Spectrum",1e+05,"spec_pgram_raw",4652.992,5336.59103,4574.50775,5511.51825,18401560,NA,NA,NA,NA,NA,NA,NA,NA,NA,"Stats"
"Spline",10,"spline_fmm",6.448,6.61843,6.352,6.56,848,NA,NA,NA,NA,NA,NA,NA,NA,NA,"Stats"
"Spline",50,"spline_natural",8.464,8.76035,8.28425,8.752,3632,NA,NA,NA,NA,NA,NA,NA,NA,NA,"Stats"
"Spline",100,"spline_natural",10.096,10.27092,9.86825,10.356,6032,NA,NA,NA,NA,NA,NA,NA,NA,NA,"Stats"
"Spline",500,"spline_fmm",21.4,21.64263,21.208,21.696,29376,NA,NA,NA,NA,NA,NA,NA,NA,NA,"Stats"
"Spline",1000,"Spline",46.64,48.21006,45.43625,48.1,48384,NA,NA,NA,NA,NA,NA,NA,NA,NA,"Stats"
"t_test",100,"ttest_one_sample",24.728,25.19991,24.496,24.944,186840,NA,NA,NA,NA,NA,NA,NA,NA,NA,"Stats"
"t_test",1000,"ttest_one_sample",97.352,97.93144,94.712,99.06425,24248,NA,NA,NA,NA,NA,NA,NA,NA,NA,"Stats"
"t_test",10000,"ttest_one_sample",894.418,893.80713,846.478,900.094,240248,NA,NA,NA,NA,NA,NA,NA,NA,NA,"Stats"
"t_test",1e+05,"ttest_one_sample",8532.917,8808.9518,8500.73625,9171.986,2400248,NA,NA,NA,NA,NA,NA,NA,NA,NA,"Stats"
"Tukey",27,"TukeyHSD",1824.606,1883.97886,1796.05,1858.02275,1513760,NA,NA,NA,NA,NA,NA,NA,NA,NA,"Stats"
"Tukey",100,"TukeyHSD",1143.3315,1209.99214,1117.22375,1180.564,104824,NA,NA,NA,NA,NA,NA,NA,NA,NA,"Stats"
"Tukey",500,"Tukey",1260.5315,1362.23516,1242.352,1287.872,390952,NA,NA,NA,NA,NA,NA,NA,NA,NA,"Stats"
"Tukey",1000,"TukeyHSD",1391.388,1538.73691,1364.88875,1481.637,1417736,NA,NA,NA,NA,NA,NA,NA,NA,NA,"Stats"
"Var_Test",100,"Var_Test",37.9045,38.86698,37.07275,39.572,67288,NA,NA,NA,NA,NA,NA,NA,NA,NA,"Stats"
"Var_Test",1000,"Var_Test",147.433,149.77164,146.588,149.63225,40400,NA,NA,NA,NA,NA,NA,NA,NA,NA,"Stats"
"Var_Test",10000,"Var_Test",1414.4925,1410.37514,1391.604,1423.132,400400,NA,NA,NA,NA,NA,NA,NA,NA,NA,"Stats"
"Weighted",100,"Weighted",4.192,4.21442,4.032,4.388,3048,NA,NA,NA,NA,NA,NA,NA,NA,NA,"Stats"
"Weighted",1000,"Weighted",21.752,22.24951,21.55275,22.016,28248,NA,NA,NA,NA,NA,NA,NA,NA,NA,"Stats"
"Weighted",10000,"Weighted",212.368,213.80238,209.365,215.325,280248,NA,NA,NA,NA,NA,NA,NA,NA,NA,"Stats"
"Wilcoxon",5,"wilcox_exact",23.88,31.85131,23.504,24.752,3496,NA,NA,NA,NA,NA,NA,NA,NA,NA,"Stats"
"Wilcoxon",10,"wilcox_exact",24.032,24.6236,23.664,24.544,1136,NA,NA,NA,NA,NA,NA,NA,NA,NA,"Stats"
"Wilcoxon",15,"wilcox_exact",24.848,32.94251,24.24,26.53625,1456,NA,NA,NA,NA,NA,NA,NA,NA,NA,"Stats"
"Wilcoxon",20,"wilcox_exact",26.192,32.92267,25.78025,26.804,4336,NA,NA,NA,NA,NA,NA,NA,NA,NA,"Stats"
"Wilcoxon",50,"wilcox_onesample",81.344,90.55214,80.168,82.70825,19112,NA,NA,NA,NA,NA,NA,NA,NA,NA,"Stats"
"Wilcoxon",100,"wilcox_onesample",114.4405,122.966,112.23625,116.12825,35824,NA,NA,NA,NA,NA,NA,NA,NA,NA,"Stats"
"Wilcoxon",500,"wilcox_onesample",394.9775,404.97558,391.397,397.837,162592,NA,NA,NA,NA,NA,NA,NA,NA,NA,"Stats"
"Wilcoxon",1000,"wilcox_onesample",747.0985,762.13483,741.25025,754.122,322432,NA,NA,NA,NA,NA,NA,NA,NA,NA,"Stats"
"Wilcoxon",10000,"Wilcoxon",16519.684,16855.0909,16457.65125,16619.42475,6553600,NA,NA,NA,NA,NA,NA,NA,NA,NA,"Stats"
"AFT",100,"AFT",576.026,600.77456,567.53725,603.78975,887416,NA,NA,NA,NA,NA,NA,NA,NA,NA,"Survival"
"AFT",500,"AFT",1107.051,1301.41658,1084.087,1132.776,1250328,NA,NA,NA,NA,NA,NA,NA,NA,NA,"Survival"
"AFT",1000,"AFT",1821.0055,2155.1253,1799.337,1867.24175,2484072,NA,NA,NA,NA,NA,NA,NA,NA,NA,"Survival"
"AFT",2000,"AFT_weibull",3734.004,3970.05356,3706.816,3778.42425,4913432,NA,NA,NA,NA,NA,NA,NA,NA,NA,"Survival"
"Cox_PH",100,"CoxPH_breslow",541.1695,580.90834,533.98575,562.95375,138768,NA,NA,NA,NA,NA,NA,NA,NA,NA,"Survival"
"Cox_PH",500,"CoxPH_breslow",917.4675,997.199,898.571,949.543,649904,NA,NA,NA,NA,NA,NA,NA,NA,NA,"Survival"
"Cox_PH",1000,"CoxPH_breslow",1489.261,1574.36508,1477.521,1506.861,1293152,NA,NA,NA,NA,NA,NA,NA,NA,NA,"Survival"
"Cox_PH",2000,"CoxPH_efron",2661.657,2825.17295,2623.369,2708.657,2585216,NA,NA,NA,NA,NA,NA,NA,NA,NA,"Survival"
"Kaplan_Meier",100,"KM_unstratified",227.081,235.79631,223.961,243.76825,1260408,NA,NA,NA,NA,NA,NA,NA,NA,NA,"Survival"
"Kaplan_Meier",500,"KM_stratified",494.394,558.56267,488.862,518.901,603776,NA,NA,NA,NA,NA,NA,NA,NA,NA,"Survival"
"Kaplan_Meier",1000,"KM_unstratified",681.442,728.59636,677.118,691.166,859184,NA,NA,NA,NA,NA,NA,NA,NA,NA,"Survival"
"Kaplan_Meier",5000,"KM_stratified",2510.2485,3366.7802,2486.932,2587.797,6084408,NA,NA,NA,NA,NA,NA,NA,NA,NA,"Survival"
"Log_Rank",100,"LogRank",300.049,309.61064,292.657,325.197,174280,NA,NA,NA,NA,NA,NA,NA,NA,NA,"Survival"
"Log_Rank",500,"LogRank",534.6335,600.70057,504.118,579.434,415648,NA,NA,NA,NA,NA,NA,NA,NA,NA,"Survival"
"Log_Rank",1000,"LogRank",777.1465,847.13882,761.45425,787.815,824320,NA,NA,NA,NA,NA,NA,NA,NA,NA,"Survival"
"Log_Rank",5000,"LogRank",3573.956,3810.88695,3547.38775,3603.632,4843352,NA,NA,NA,NA,NA,NA,NA,NA,NA,"Survival"
"MSTL",100,"mstl",410.505,540.37735,401.929,432.877,236032,"MSTL",15.2,15.27031,15.136,15.312,0,27.0069078947368,35.3874512043305,NA,"Time Series"
"ARIMA",100,"arima",797.17,1109.6219,749.79,861.982,1079432,"ARIMA",38.6805,38.65781,38.32,38.804,0,20.6090924367575,28.7036927337581,NA,"Time Series"
"Changepoint",100,"Changepoint",107.28,114.06276,105.001,109.068,361400,"Changepoint",7.304,7.32645,7.24425,7.36,0,14.6878422782037,15.5686260057736,NA,"Time Series"
"MSTL",200,"mstl",414.009,422.62185,409.357,422.385,169808,"MSTL",29.8725,29.96398,29.824,29.95675,0,13.859201606829,14.1043295984045,NA,"Time Series"
"ARIMA",200,"ARIMA",850.855,1139.68075,829.31075,920.60725,239528,"ARIMA",71.849,72.35413,71.628,72.61275,0,11.8422664198527,15.75142635258,NA,"Time Series"
"MSTL",500,"mstl",476.7535,480.57475,470.105,483.03725,414736,"MSTL",70.08,70.15156,69.36,70.51275,0,6.80298944063927,6.8505212143536,NA,"Time Series"
"ARIMA",500,"arima",1358.8115,1338.0345,1341.927,1379.08325,670736,"ARIMA",209.921,210.14187,209.725,210.101,0,6.47296602055059,6.36729129706517,NA,"Time Series"
"Changepoint",500,"Changepoint",164.3205,167.83828,162.16075,168.44,117632,"Changepoint",41.08,41.22084,40.992,41.236,0,4.00001217137293,4.07168509909065,NA,"Time Series"
"Changepoint",1000,"changepoint",231.3925,235.2638,229.97625,236.84,173968,"Changepoint",85.64,85.80329,85.46825,85.845,0,2.7019208313872,2.74189719298642,NA,"Time Series"
"ARIMA",10000,"ARIMA",9203.7825,10027.59125,9058.6695,11046.43375,13838264,NA,NA,NA,NA,NA,NA,NA,NA,NA,"Time Series"
"Decompose",48,"decompose_additive",474.8325,534.69164,465.43225,491.7,142024,NA,NA,NA,NA,NA,NA,NA,NA,NA,"Time Series"
"Decompose",120,"decompose_additive",500.8325,559.23441,487.673,519.277,98712,NA,NA,NA,NA,NA,NA,NA,NA,NA,"Time Series"
"Decompose",240,"decompose_additive",532.7765,590.50022,519.413,549.30825,200408,NA,NA,NA,NA,NA,NA,NA,NA,NA,"Time Series"
"Decompose",480,"decompose_multiplicative",575.225,640.55565,562.777,595.045,408216,NA,NA,NA,NA,NA,NA,NA,NA,NA,"Time Series"
"Decompose",1200,"decompose_multiplicative",711.617,877.25839,703.577,731.20175,1002936,NA,NA,NA,NA,NA,NA,NA,NA,NA,"Time Series"
"GARCH",200,"GARCH",44697.247,47944.4271,43872.3925,48299.51825,14493776,NA,NA,NA,NA,NA,NA,NA,NA,NA,"Time Series"
"GARCH",500,"GARCH",29313.894,29543.7793,26158.08325,32369.57975,28916080,NA,NA,NA,NA,NA,NA,NA,NA,NA,"Time Series"
"GARCH",1000,"GARCH",50653.2745,50710.0726,49793.59575,51739.88125,58878816,NA,NA,NA,NA,NA,NA,NA,NA,NA,"Time Series"
"Holt_Winters",20,"HW_period4",1167.803,1292.35034,1142.603,1217.031,144480,NA,NA,NA,NA,NA,NA,NA,NA,NA,"Time Series"
"Holt_Winters",48,"HW_mult_fixed",860.002,967.76874,844.398,885.226,70256,NA,NA,NA,NA,NA,NA,NA,NA,NA,"Time Series"
"Holt_Winters",60,"HW_period12",1434.6995,1673.15764,1384.279,1545.948,520032,NA,NA,NA,NA,NA,NA,NA,NA,NA,"Time Series"
"Holt_Winters",120,"HW_mult_fixed",873.61,965.2465,864.582,907.20675,123872,NA,NA,NA,NA,NA,NA,NA,NA,NA,"Time Series"
"Holt_Winters",240,"HW_mult_fixed",893.026,981.69356,881.22625,905.75,225952,NA,NA,NA,NA,NA,NA,NA,NA,NA,"Time Series"
"Holt_Winters",260,"HW_period52",1668.909,1856.09602,1648.92,1699.632,1555120,NA,NA,NA,NA,NA,NA,NA,NA,NA,"Time Series"
"Holt_Winters",480,"HW_mult_fixed",919.266,1057.6253,908.39875,951.458,430816,NA,NA,NA,NA,NA,NA,NA,NA,NA,"Time Series"
"Holt_Winters",1000,"HW_mult_fixed",998.2825,1113.01136,983.846,1032.158,872512,NA,NA,NA,NA,NA,NA,NA,NA,NA,"Time Series"
"Kalman",100,"Kalman",517.801,536.1504,506.54575,559.157,47176,NA,NA,NA,NA,NA,NA,NA,NA,NA,"Time Series"
"Kalman",200,"Kalman",654.434,655.69155,642.10125,663.814,37376,NA,NA,NA,NA,NA,NA,NA,NA,NA,"Time Series"
"Kalman",500,"Kalman",1118.123,1128.13775,1114.80325,1142.14725,87208,NA,NA,NA,NA,NA,NA,NA,NA,NA,"Time Series"
"MSTL",10000,"MSTL",2629.8235,3120.8613,2585.87,2942.40525,8361488,NA,NA,NA,NA,NA,NA,NA,NA,NA,"Time Series"
"STL",120,"stl",157.027,162.30752,155.347,160.018,305384,NA,NA,NA,NA,NA,NA,NA,NA,NA,"Time Series"
"STL",240,"stl",225.3225,261.50974,221.92375,230.82525,68776,NA,NA,NA,NA,NA,NA,NA,NA,NA,"Time Series"
"STL",480,"stl",345.734,378.92416,339.49925,366.173,133224,NA,NA,NA,NA,NA,NA,NA,NA,NA,"Time Series"
"STL",960,"stl",637.945,651.88454,596.455,644.292,262120,NA,NA,NA,NA,NA,NA,NA,NA,NA,"Time Series"
"StructTS",48,"structts_bsm",20098.8435,20288.54315,19792.878,20454.589,2528440,NA,NA,NA,NA,NA,NA,NA,NA,NA,"Time Series"
"StructTS",50,"structts_level",603.378,671.66432,593.73,624.318,319064,NA,NA,NA,NA,NA,NA,NA,NA,NA,"Time Series"
"StructTS",96,"structts_bsm",38582.593,38895.27415,38331.004,39307.9235,2536456,NA,NA,NA,NA,NA,NA,NA,NA,NA,"Time Series"
"StructTS",100,"structts_level",460.0255,799.77676,456.217,469.80925,15712,NA,NA,NA,NA,NA,NA,NA,NA,NA,"Time Series"
"StructTS",144,"structts_bsm",34761.9645,34961.9466,34609.332,34869.029,1562896,NA,NA,NA,NA,NA,NA,NA,NA,NA,"Time Series"
"StructTS",200,"structts_level",559.09,603.33068,550.79,574.19,27312,NA,NA,NA,NA,NA,NA,NA,NA,NA,"Time Series"
"StructTS",240,"structts_bsm",126403.0705,126664.28875,125905.57225,127784.235,3323912,NA,NA,NA,NA,NA,NA,NA,NA,NA,"Time Series"
"StructTS",500,"StructTS",1085.2035,1085.1275,1077.344,1091.55975,52736,NA,NA,NA,NA,NA,NA,NA,NA,NA,"Time Series"
"VAR",100,"VAR",2947.69,3036.91695,2875.721,3174.094,356296,NA,NA,NA,NA,NA,NA,NA,NA,NA,"Time Series"
"VAR",200,"VAR",2973.7375,3026.7721,2945.353,3018.57,434832,NA,NA,NA,NA,NA,NA,NA,NA,NA,"Time Series"
"VAR",500,"VAR",3549.7795,4253.95195,3468.071,3798.02,1068576,NA,NA,NA,NA,NA,NA,NA,NA,NA,"Time Series"
"VECM",100,"VECM",1298.676,1652.3137,1274.80325,1387.448,686104,NA,NA,NA,NA,NA,NA,NA,NA,NA,"Time Series"
"VECM",200,"VECM",1817.1095,1713.6675,1454.948,1899.066,329856,NA,NA,NA,NA,NA,NA,NA,NA,NA,"Time Series"
"VECM",500,"VECM",1985.678,2002.33475,1947.66925,2045.982,804376,NA,NA,NA,NA,NA,NA,NA,NA,NA,"Time Series"
